stu_id,study_hour,exercise_num
1,7.0,14
2,2.2,45
3,4.4,17
4,7.4,46
5,4.0,59
6,1.4,45
7,7.5,33
8,5.6,47
9,1.9,34
10,4.7,76
11,7.3,12
12,2.7,17
13,1.2,16
14,1.5,18
15,7.1,60
16,4.9,35
17,7.4,58
18,5.4,27
19,3.0,31
20,3.6,15
21,1.6,31
22,3.6,19
23,3.4,62
24,5.9,20
25,5.5,19
26,1.3,68
27,2.5,80
28,1.0,45
29,2.0,5
30,2.5,15
31,1.2,73
32,4.1,20
33,2.7,11
34,7.7,7
35,7.4,55
36,7.0,22
37,1.6,21
38,7.8,5
39,3.9,28
40,4.2,44
41,4.7,48
42,3.1,66
43,7.8,79
44,2.3,38
45,3.1,34
46,2.2,39
47,4.7,45
48,1.1,31
49,1.4,51
50,5.4,66
51,4.5,76
52,1.1,24
53,5.4,47
54,5.4,8
55,1.8,43
56,6.8,37
57,4.6,13
58,5.0,14
59,4.8,71
60,1.9,76
61,6.1,49
62,7.6,34
63,4.2,69
64,7.1,65
65,4.8,8
66,4.5,69
67,3.9,19
68,7.0,28
69,3.7,57
70,5.2,8
71,2.5,68
72,7.4,42
73,5.6,36
74,5.1,71
75,2.3,18
76,7.0,57
77,2.3,40
78,7.6,31
79,3.7,39
80,2.8,21
81,7.8,26
82,6.4,35
83,4.1,13
84,2.4,30
85,5.6,17
86,2.6,10
87,2.0,54
88,5.2,40
89,5.0,54
90,7.0,64
91,3.5,49
92,4.3,5
93,4.8,31
94,6.6,44
95,2.0,56
96,1.1,20
97,3.7,33
98,7.3,15
99,7.1,53
100,2.0,5
101,3.2,16
102,1.0,5
103,2.5,54
104,3.0,49
105,5.2,15
106,4.0,35
107,4.7,11
108,6.5,28
109,2.5,76
110,6.4,11
111,5.2,79
112,5.3,22
113,2.2,12
114,6.4,19
115,2.2,35
116,4.2,74
117,4.2,63
118,6.6,78
119,1.4,60
120,4.0,78
121,1.9,64
122,7.4,11
123,2.5,6
124,1.4,62
125,5.7,64
126,6.0,69
127,5.5,32
128,4.9,77
129,5.2,38
130,2.2,6
131,7.4,33
132,2.6,72
133,1.6,80
134,5.8,49
135,3.7,16
136,3.2,8
137,6.1,19
138,6.8,30
139,5.0,24
140,6.5,7
141,6.3,41
142,7.2,36
143,3.4,65
144,2.4,48
145,7.0,68
146,7.7,19
147,6.2,77
148,5.7,40
149,3.6,33
150,6.6,64
151,3.7,41
152,2.1,74
153,7.2,11
154,2.5,19
155,6.8,15
156,1.5,61
157,5.5,51
158,3.1,62
159,1.5,52
160,5.8,31
161,5.0,8
162,6.5,25
163,1.6,78
164,3.5,31
165,7.2,43
166,1.7,26
167,5.4,34
168,7.9,44
169,3.8,53
170,2.5,32
171,5.9,46
172,1.2,51
173,4.2,51
174,4.8,21
175,4.7,74
176,4.3,29
177,7.4,30
178,3.6,45
179,3.7,36
180,1.8,13
181,7.5,14
182,1.9,64
183,6.9,35
184,1.2,23
185,3.8,31
186,5.1,65
187,2.8,79
188,3.1,59
189,2.5,49
190,7.4,25
191,7.7,7
192,5.4,10
193,2.8,13
194,7.4,75
195,1.6,31
196,6.1,57
197,5.9,64
198,7.7,42
199,5.2,77
200,2.4,28
201,4.8,71
202,5.0,11
203,5.4,53
204,3.8,52
205,6.3,22
206,5.0,73
207,2.2,42
208,7.7,16
209,7.6,15
210,5.9,31
211,6.7,58
212,7.2,50
213,3.3,55
214,1.1,48
215,5.8,21
216,7.6,37
217,2.6,37
218,3.0,46
219,5.0,25
220,2.7,70
221,1.9,32
222,2.1,52
223,2.5,38
224,5.9,47
225,6.2,20
226,2.4,76
227,3.7,67
228,3.6,47
229,2.8,5
230,5.2,45
231,1.5,80
232,7.1,20
233,1.6,39
234,6.1,80
235,6.1,74
236,6.4,48
237,2.7,50
238,4.3,43
239,1.4,10
240,3.0,74
241,2.2,27
242,7.2,46
243,7.9,19
244,2.0,43
245,5.7,33
246,7.6,20
247,3.7,47
248,7.9,52
249,6.7,13
250,6.4,71
251,7.2,79
252,3.0,41
253,4.1,59
254,2.9,18
255,1.2,54
256,3.5,19
257,8.0,22
258,4.7,74
259,7.7,35
260,3.0,6
261,2.0,46
262,4.6,54
263,2.6,16
264,2.6,17
265,5.8,22
266,6.9,62
267,2.9,57
268,1.3,36
269,1.9,58
270,6.5,50
271,5.5,71
272,4.7,67
273,5.5,19
274,3.0,35
275,6.8,73
276,7.3,5
277,6.5,36
278,6.5,27
279,5.4,38
280,1.9,63
281,1.2,10
282,7.5,24
283,1.4,14
284,7.3,16
285,5.9,44
286,1.3,30
287,6.9,23
288,1.1,78
289,5.7,73
290,7.0,72
291,4.8,31
292,4.2,73
293,2.0,67
294,1.1,59
295,4.0,13
296,2.6,30
297,2.4,75
298,2.8,41
299,1.3,23
300,6.1,56
301,1.8,16
302,7.3,55
303,3.7,15
304,5.8,69
305,2.8,53
306,2.5,49
307,5.6,76
308,7.3,61
309,4.5,54
310,2.2,9
311,7.1,18
312,3.3,38
313,4.6,52
314,7.6,50
315,3.3,11
316,1.1,78
317,3.8,54
318,3.7,42
319,6.7,45
320,3.8,11
321,6.0,80
322,2.6,49
323,1.4,15
324,3.6,36
325,7.8,70
326,2.8,9
327,2.1,72
328,7.7,21
329,5.1,8
330,7.0,23
331,7.5,57
332,6.5,32
333,2.8,54
334,1.5,31
335,2.9,52
336,5.7,32
337,3.6,37
338,5.1,51
339,5.0,59
340,4.7,55
341,5.4,64
342,3.9,5
343,4.2,6
344,6.3,45
345,1.9,46
346,6.7,72
347,7.4,63
348,5.6,5
349,4.3,58
350,5.3,61
351,2.2,31
352,4.8,65
353,3.6,23
354,3.6,45
355,2.6,76
356,4.5,50
357,2.4,50
358,7.9,22
359,1.1,29
360,4.1,48
361,5.7,57
362,4.5,22
363,7.8,20
364,5.5,26
365,5.2,30
366,7.0,52
367,3.3,27
368,4.6,32
369,3.0,20
370,3.8,48
371,5.7,63
372,4.9,59
373,3.3,32
374,6.2,78
375,4.7,43
376,4.0,68
377,2.9,46
378,7.9,29
379,6.0,59
380,5.5,54
381,6.7,23
382,4.9,19
383,2.8,40
384,4.9,14
385,7.7,80
386,7.0,11
387,2.0,11
388,6.3,74
389,4.4,6
390,5.9,75
391,4.2,40
392,2.0,64
393,3.6,62
394,3.3,70
395,3.2,10
396,7.8,77
397,4.7,32
398,7.7,79
399,1.3,59
400,1.4,53
401,3.4,15
402,3.8,66
403,2.8,11
404,4.0,57
405,7.4,69
406,4.4,34
407,7.3,79
408,5.3,77
409,6.4,24
410,4.2,24
411,2.8,54
412,7.8,80
413,3.4,29
414,4.9,61
415,6.5,45
416,7.2,15
417,2.7,37
418,4.2,8
419,3.6,5
420,5.4,5
421,1.8,57
422,7.7,79
423,6.8,24
424,2.1,72
425,2.1,16
426,6.5,17
427,6.1,50
428,3.3,14
429,2.9,33
430,6.8,61
431,6.9,62
432,6.8,20
433,3.2,13
434,2.9,80
435,6.4,44
436,2.9,30
437,5.8,50
438,7.3,70
439,6.7,31
440,1.6,31
441,7.1,80
442,6.6,29
443,8.0,56
444,2.6,45
445,7.9,44
446,7.0,26
447,2.0,21
448,6.7,76
449,5.0,53
450,1.3,59
451,4.4,14
452,1.5,30
453,4.4,19
454,7.8,56
455,7.9,27
456,5.9,56
457,3.2,62
458,4.5,66
459,2.8,28
460,7.9,77
461,5.1,48
462,6.2,59
463,3.6,11
464,6.4,21
465,5.2,75
466,6.5,33
467,4.3,17
468,7.5,73
469,1.6,43
470,3.7,76
471,2.5,73
472,5.0,5
473,7.0,52
474,3.5,53
475,4.8,58
476,5.3,53
477,6.0,42
478,3.0,18
479,7.4,33
480,6.2,46
481,2.9,47
482,2.0,34
483,1.3,56
484,3.8,48
485,7.4,80
486,3.3,52
487,3.1,45
488,4.9,28
489,3.9,33
490,7.4,76
491,4.4,5
492,2.2,22
493,1.9,18
494,2.2,8
495,1.2,8
496,6.1,49
497,3.6,51
498,6.5,77
499,5.3,25
500,7.5,5
501,2.1,29
502,2.7,57
503,1.1,72
504,7.5,63
505,1.4,59
506,6.0,14
507,4.6,66
508,2.0,53
509,4.2,62
510,6.3,78
511,6.9,24
512,3.4,79
513,1.5,15
514,5.8,45
515,7.3,80
516,3.6,50
517,2.0,40
518,2.8,30
519,1.3,18
520,4.9,48
521,1.1,22
522,5.8,72
523,4.6,8
524,3.3,8
525,4.0,9
526,1.2,35
527,1.9,10
528,2.4,74
529,2.6,16
530,7.4,17
531,4.7,41
532,7.6,30
533,4.4,31
534,7.5,56
535,7.3,8
536,4.1,55
537,2.3,26
538,5.3,47
539,5.6,52
540,5.8,69
541,5.4,27
542,3.9,79
543,6.4,62
544,3.3,17
545,2.3,5
546,7.0,56
547,5.4,70
548,5.7,18
549,4.8,7
550,7.1,32
551,1.5,5
552,7.0,21
553,3.6,78
554,5.9,77
555,2.7,74
556,7.7,52
557,1.9,44
558,7.4,65
559,2.4,52
560,4.6,70
561,7.1,17
562,2.3,66
563,3.7,13
564,3.2,9
565,2.6,30
566,5.5,29
567,3.5,22
568,3.4,6
569,3.4,77
570,4.8,18
571,6.0,75
572,2.6,22
573,7.4,51
574,5.2,78
575,3.4,51
576,1.5,22
577,6.2,55
578,7.1,60
579,7.6,67
580,4.6,66
581,3.6,15
582,5.1,65
583,3.9,62
584,7.5,12
585,1.7,36
586,3.9,72
587,5.4,8
588,1.6,75
589,7.5,60
590,5.7,54
591,6.4,7
592,7.8,25
593,4.8,15
594,3.0,18
595,6.9,56
596,4.6,71
597,5.1,63
598,3.0,16
599,3.1,21
600,3.8,25
601,2.4,33
602,6.0,42
603,5.9,21
604,1.8,23
605,2.4,8
606,7.4,6
607,2.9,6
608,4.7,15
609,2.8,33
610,3.3,44
611,4.0,53
612,1.8,19
613,2.9,18
614,1.1,7
615,6.4,76
616,3.6,41
617,3.7,78
618,8.0,35
619,5.4,71
620,3.5,21
621,3.3,15
622,6.4,45
623,2.6,19
624,5.4,76
625,3.1,45
626,5.7,60
627,7.7,22
628,5.8,79
629,1.7,30
630,5.1,44
631,3.2,71
632,3.1,80
633,1.4,72
634,2.3,15
635,7.3,73
636,3.7,45
637,1.4,78
638,7.2,23
639,6.3,6
640,4.1,5
641,4.5,45
642,1.5,6
643,7.4,18
644,6.0,45
645,4.4,7
646,2.4,67
647,6.8,70
648,1.0,66
649,3.9,68
650,4.5,11
651,6.5,29
652,5.6,58
653,8.0,41
654,4.9,14
655,3.2,74
656,2.3,70
657,2.6,15
658,1.8,69
659,3.4,58
660,1.7,15
661,2.8,5
662,6.9,66
663,3.8,20
664,6.1,45
665,4.9,32
666,7.7,74
667,4.7,66
668,8.0,26
669,6.6,52
670,6.3,26
671,2.8,60
672,7.1,25
673,2.9,76
674,3.0,32
675,1.2,59
676,3.7,14
677,4.1,8
678,3.9,30
679,5.1,71
680,3.6,72
681,3.4,29
682,2.2,61
683,1.9,53
684,2.1,46
685,2.5,31
686,5.1,59
687,6.8,14
688,1.1,64
689,4.5,8
690,5.8,54
691,5.2,19
692,5.3,47
693,5.3,12
694,7.9,43
695,2.1,25
696,6.6,24
697,2.8,43
698,1.5,44
699,1.0,9
700,1.4,53
701,5.9,20
702,3.7,49
703,3.0,29
704,7.8,21
705,4.2,72
706,7.3,27
707,5.4,52
708,5.2,70
709,5.0,11
710,3.9,7
711,4.8,77
712,4.3,13
713,7.4,35
714,2.5,76
715,5.4,15
716,5.3,53
717,4.3,19
718,4.8,60
719,2.7,52
720,4.8,64
721,4.5,52
722,3.9,47
723,5.7,60
724,6.5,45
725,3.0,67
726,4.3,33
727,6.2,14
728,5.1,55
729,7.1,42
730,4.9,31
731,1.6,31
732,1.6,53
733,4.4,80
734,5.0,32
735,4.4,42
736,4.6,61
737,4.4,55
738,5.1,36
739,1.7,37
740,6.2,58
741,3.9,29
742,1.7,9
743,4.6,79
744,3.9,74
745,4.1,5
746,2.7,30
747,2.5,5
748,1.6,62
749,2.6,38
750,3.2,48
751,3.4,20
752,1.6,76
753,2.4,61
754,1.8,36
755,5.1,77
756,1.8,76
757,4.2,30
758,6.7,26
759,2.1,48
760,4.3,76
761,8.0,56
762,3.7,56
763,6.0,38
764,2.1,66
765,8.0,28
766,7.2,38
767,6.5,28
768,2.7,71
769,8.0,30
770,2.4,77
771,4.7,39
772,6.1,44
773,5.4,50
774,7.0,69
775,7.0,8
776,4.9,22
777,5.1,52
778,7.5,29
779,7.0,80
780,7.7,14
781,4.2,5
782,5.1,36
783,5.6,63
784,5.2,14
785,2.6,46
786,3.2,40
787,1.0,63
788,7.6,25
789,7.8,47
790,6.1,77
791,3.3,19
792,7.7,50
793,4.6,47
794,1.9,54
795,3.0,72
796,7.2,60
797,1.6,42
798,1.8,7
799,6.5,27
800,4.7,48
801,2.4,15
802,1.2,10
803,1.4,64
804,6.8,49
805,7.9,29
806,5.0,74
807,5.4,39
808,2.1,14
809,5.2,36
810,1.1,24
811,5.1,6
812,2.2,68
813,5.9,22
814,1.8,44
815,5.3,43
816,1.9,56
817,4.3,65
818,6.9,55
819,6.7,69
820,6.9,67
821,3.3,46
822,7.6,11
823,4.8,71
824,7.9,65
825,1.9,19
826,4.7,47
827,7.7,47
828,6.9,46
829,5.4,9
830,5.5,7
831,6.0,46
832,5.9,38
833,2.8,9
834,5.4,17
835,2.6,64
836,4.1,16
837,7.7,18
838,7.2,14
839,4.8,12
840,5.3,46
841,7.6,74
842,2.6,29
843,7.0,53
844,3.5,45
845,4.9,57
846,7.3,17
847,6.5,5
848,1.4,78
849,2.9,27
850,1.4,22
851,5.4,36
852,1.4,49
853,1.7,74
854,6.9,36
855,3.5,41
856,6.7,61
857,3.2,68
858,5.5,62
859,7.4,22
860,5.9,42
861,8.0,78
862,6.0,27
863,2.4,16
864,2.3,75
865,7.9,20
866,3.0,50
867,7.7,16
868,5.9,24
869,5.7,70
870,5.5,22
871,4.1,80
872,3.0,71
873,7.2,44
874,6.8,57
875,5.3,8
876,2.1,77
877,4.8,55
878,5.9,65
879,7.0,38
880,2.0,33
881,7.5,66
882,6.9,8
883,1.3,47
884,1.5,11
885,7.6,71
886,5.4,78
887,5.9,38
888,3.8,39
889,5.0,48
890,5.8,55
891,4.2,6
892,4.4,54
893,6.7,17
894,5.2,66
895,1.1,51
896,6.8,51
897,2.2,8
898,3.4,79
899,2.2,29
900,7.6,6
901,6.9,49
902,5.6,8
903,2.7,10
904,1.7,62
905,2.4,61
906,7.5,57
907,5.3,22
908,6.2,40
909,4.6,24
910,6.1,43
911,7.2,15
912,6.2,23
913,7.0,34
914,1.9,43
915,4.2,69
916,4.6,18
917,5.5,30
918,7.2,64
919,7.5,35
920,2.2,68
921,5.7,19
922,5.3,32
923,3.4,7
924,2.7,79
925,1.2,42
926,6.5,35
927,6.7,43
928,6.0,32
929,2.4,46
930,7.6,65
931,7.8,54
932,5.1,80
933,6.2,37
934,5.7,24
935,7.5,12
936,1.7,32
937,1.6,67
938,3.1,6
939,4.6,57
940,2.4,29
941,4.2,23
942,1.2,31
943,2.1,43
944,6.6,26
945,1.2,52
946,3.6,27
947,1.2,50
948,4.5,57
949,7.2,53
950,5.5,30
951,7.1,51
952,5.6,55
953,7.1,14
954,4.8,71
955,2.3,33
956,2.5,6
957,2.9,50
958,4.3,37
959,7.0,19
960,4.9,26
961,4.0,77
962,6.4,68
963,6.3,21
964,7.6,17
965,5.3,54
966,1.1,62
967,1.9,60
968,7.0,50
969,2.7,57
970,1.7,79
971,6.0,15
972,3.0,60
973,6.9,75
974,3.2,30
975,7.2,26
976,6.1,31
977,6.3,26
978,7.8,46
979,6.6,40
980,6.8,77
981,7.8,36
982,7.1,61
983,4.9,62
984,5.1,13
985,1.4,72
986,6.7,18
987,5.5,15
988,2.7,48
989,5.7,18
990,4.5,53
991,2.7,31
992,1.5,19
993,4.4,45
994,6.5,64
995,1.2,32
996,5.1,68
997,6.5,34
998,2.7,22
999,4.9,51
1000,7.5,32
1001,7.3,36
1002,8.0,51
1003,6.5,65
1004,8.0,54
1005,2.1,43
1006,3.8,28
1007,7.0,79
1008,2.5,61
1009,2.7,35
1010,1.7,44
1011,3.6,7
1012,2.9,10
1013,1.1,8
1014,5.7,29
1015,2.5,13
1016,2.7,70
1017,6.5,63
1018,2.0,75
1019,1.1,39
1020,7.3,11
1021,2.8,7
1022,5.6,10
1023,6.4,54
1024,5.0,73
1025,1.2,38
1026,7.2,9
1027,7.9,5
1028,1.2,35
1029,1.2,29
1030,5.3,58
1031,3.6,31
1032,4.2,27
1033,6.1,44
1034,6.6,25
1035,3.3,21
1036,6.3,33
1037,3.8,51
1038,1.1,52
1039,3.8,42
1040,5.6,63
1041,6.1,29
1042,5.7,55
1043,2.7,38
1044,2.1,16
1045,5.9,34
1046,1.2,24
1047,7.0,29
1048,4.5,11
1049,7.4,70
1050,3.9,47
1051,3.7,59
1052,4.1,24
1053,1.7,50
1054,3.7,41
1055,7.6,66
1056,7.1,79
1057,3.6,77
1058,4.3,18
1059,6.9,21
1060,1.9,72
1061,6.4,37
1062,6.2,10
1063,6.7,78
1064,7.0,9
1065,3.3,50
1066,5.9,9
1067,7.6,34
1068,2.0,7
1069,6.2,26
1070,2.5,57
1071,5.9,76
1072,6.8,8
1073,7.5,50
1074,4.3,58
1075,2.4,59
1076,3.4,49
1077,7.9,48
1078,1.9,61
1079,3.5,15
1080,5.0,34
1081,7.6,73
1082,1.1,35
1083,3.0,63
1084,6.8,41
1085,2.9,16
1086,1.1,60
1087,3.8,61
1088,6.4,23
1089,3.1,11
1090,3.0,36
1091,5.8,66
1092,1.4,54
1093,2.4,6
1094,6.8,37
1095,6.9,66
1096,4.7,53
1097,5.2,40
1098,7.9,66
1099,1.2,69
1100,2.7,5
1101,5.7,68
1102,3.2,34
1103,7.5,72
1104,5.1,16
1105,2.2,72
1106,5.3,27
1107,4.4,30
1108,7.5,60
1109,7.2,53
1110,5.1,47
1111,2.1,53
1112,2.3,52
1113,6.7,15
1114,3.5,35
1115,3.4,55
1116,6.4,77
1117,7.0,52
1118,1.7,22
1119,4.9,67
1120,2.2,40
1121,2.8,72
1122,2.8,72
1123,6.2,49
1124,7.4,27
1125,4.4,63
1126,1.7,66
1127,2.7,41
1128,7.3,75
1129,3.6,52
1130,7.9,17
1131,5.7,12
1132,1.9,11
1133,5.4,32
1134,7.5,16
1135,6.0,32
1136,3.9,18
1137,5.8,28
1138,2.5,37
1139,3.8,69
1140,6.0,36
1141,6.7,7
1142,5.5,35
1143,6.4,54
1144,4.8,61
1145,7.6,11
1146,7.3,58
1147,5.6,68
1148,3.5,34
1149,7.4,18
1150,2.5,80
1151,7.8,12
1152,6.3,19
1153,4.4,66
1154,5.5,47
1155,7.1,31
1156,6.2,27
1157,5.3,26
1158,6.8,79
1159,4.7,38
1160,3.3,45
1161,1.7,38
1162,4.0,62
1163,5.3,17
1164,7.5,66
1165,1.2,22
1166,4.1,8
1167,7.0,7
1168,7.9,52
1169,3.9,59
1170,3.0,21
1171,2.9,70
1172,4.6,41
1173,7.1,51
1174,6.2,74
1175,7.3,54
1176,4.6,7
1177,5.7,7
1178,7.5,44
1179,5.9,37
1180,7.6,47
1181,5.7,61
1182,5.7,24
1183,4.8,20
1184,5.4,63
1185,3.1,17
1186,2.5,68
1187,3.1,73
1188,6.8,30
1189,2.9,36
1190,6.3,20
1191,7.2,55
1192,6.8,45
1193,5.4,34
1194,2.7,60
1195,4.8,61
1196,6.4,68
1197,7.8,73
1198,1.3,61
1199,8.0,60
1200,3.4,29
1201,2.2,75
1202,4.5,18
1203,7.6,33
1204,1.1,8
1205,7.1,12
1206,5.9,51
1207,1.8,66
1208,3.6,25
1209,3.5,14
1210,3.6,35
1211,2.8,21
1212,5.5,21
1213,6.4,8
1214,3.1,55
1215,3.8,76
1216,5.2,77
1217,3.0,10
1218,5.8,73
1219,7.6,29
1220,2.1,42
1221,1.4,71
1222,2.4,38
1223,1.2,36
1224,2.6,52
1225,2.9,21
1226,5.3,13
1227,5.7,53
1228,2.2,45
1229,2.2,55
1230,2.8,50
1231,2.1,55
1232,6.1,65
1233,2.2,21
1234,3.6,40
1235,7.7,77
1236,1.1,57
1237,6.3,63
1238,1.4,49
1239,5.9,54
1240,2.1,18
1241,6.8,62
1242,4.5,59
1243,1.8,32
1244,1.4,36
1245,3.7,26
1246,2.1,60
1247,7.1,16
1248,2.2,45
1249,7.4,68
1250,6.0,64
1251,3.9,58
1252,4.2,73
1253,6.0,39
1254,7.1,71
1255,2.9,23
1256,5.4,78
1257,2.6,58
1258,7.4,29
1259,3.8,71
1260,3.4,47
1261,6.3,40
1262,4.6,9
1263,2.7,47
1264,3.3,24
1265,5.4,70
1266,1.6,21
1267,5.9,70
1268,2.9,60
1269,5.0,78
1270,4.0,14
1271,6.2,63
1272,6.1,59
1273,6.0,75
1274,3.1,19
1275,1.6,48
1276,2.7,72
1277,1.7,42
1278,5.7,24
1279,2.4,61
1280,6.2,62
1281,2.8,73
1282,2.1,28
1283,5.3,20
1284,4.8,20
1285,3.7,40
1286,2.2,48
1287,4.3,40
1288,6.7,75
1289,2.2,61
1290,2.5,67
1291,7.6,59
1292,6.9,28
1293,2.7,50
1294,3.7,63
1295,6.4,22
1296,6.1,29
1297,1.9,52
1298,4.5,77
1299,1.4,42
1300,2.4,66
1301,2.3,50
1302,8.0,75
1303,5.2,42
1304,6.7,24
1305,4.7,52
1306,5.0,67
1307,7.3,69
1308,6.6,7
1309,3.3,69
1310,7.9,58
1311,1.4,50
1312,6.8,68
1313,7.4,49
1314,4.6,39
1315,7.6,20
1316,2.8,52
1317,4.4,8
1318,5.0,7
1319,7.4,71
1320,3.4,56
1321,5.2,36
1322,1.9,6
1323,6.5,12
1324,2.9,46
1325,2.0,12
1326,6.7,51
1327,3.3,76
1328,7.4,50
1329,1.0,76
1330,2.4,71
1331,7.4,19
1332,1.8,49
1333,7.4,19
1334,6.4,50
1335,3.7,30
1336,3.4,13
1337,6.1,13
1338,7.9,79
1339,2.8,14
1340,7.8,77
1341,4.5,37
1342,6.8,11
1343,4.9,39
1344,2.8,55
1345,3.5,50
1346,6.6,27
1347,4.6,80
1348,4.3,47
1349,4.8,20
1350,1.3,42
1351,1.4,30
1352,3.5,6
1353,2.7,45
1354,3.2,59
1355,6.2,55
1356,4.2,6
1357,4.7,55
1358,2.1,34
1359,5.5,55
1360,5.8,21
1361,3.1,55
1362,3.4,79
1363,5.4,56
1364,3.3,47
1365,3.8,43
1366,3.3,69
1367,4.0,68
1368,3.6,62
1369,3.6,63
1370,4.1,49
1371,6.8,14
1372,1.2,70
1373,3.9,59
1374,4.0,20
1375,1.9,34
1376,6.6,39
1377,4.2,62
1378,6.6,20
1379,6.0,74
1380,2.1,47
1381,3.8,21
1382,5.7,76
1383,1.5,67
1384,3.0,16
1385,6.5,20
1386,5.1,64
1387,1.8,64
1388,7.7,27
1389,2.3,13
1390,2.6,17
1391,2.9,27
1392,3.3,13
1393,3.8,50
1394,1.3,16
1395,7.1,34
1396,4.6,69
1397,3.1,34
1398,4.9,38
1399,3.2,6
1400,5.0,69
1401,4.3,44
1402,7.5,46
1403,6.9,74
1404,2.2,61
1405,8.0,7
1406,1.4,63
1407,6.5,80
1408,2.0,42
1409,5.7,40
1410,4.1,36
1411,1.8,66
1412,1.7,38
1413,2.0,63
1414,1.8,46
1415,2.1,33
1416,2.3,25
1417,5.8,22
1418,5.0,9
1419,5.2,29
1420,1.4,31
1421,5.6,23
1422,8.0,79
1423,4.3,15
1424,5.8,77
1425,2.7,65
1426,4.4,6
1427,4.3,57
1428,6.6,54
1429,3.2,53
1430,6.6,23
1431,2.8,72
1432,7.4,15
1433,5.6,13
1434,1.9,25
1435,3.5,55
1436,1.6,8
1437,4.6,60
1438,4.5,60
1439,2.0,73
1440,4.5,30
1441,7.3,78
1442,6.4,58
1443,2.5,13
1444,2.9,58
1445,3.4,53
1446,4.2,16
1447,6.2,40
1448,1.2,48
1449,7.3,53
1450,6.9,63
1451,5.3,18
1452,3.1,57
1453,7.6,76
1454,1.4,34
1455,3.5,48
1456,6.2,58
1457,7.0,13
1458,3.6,19
1459,3.4,37
1460,1.7,19
1461,2.2,27
1462,2.1,49
1463,6.4,67
1464,2.0,60
1465,3.3,67
1466,7.4,65
1467,2.3,17
1468,7.9,51
1469,7.3,52
1470,3.3,46
1471,4.9,74
1472,6.5,48
1473,1.8,40
1474,1.9,51
1475,2.5,50
1476,5.8,15
1477,1.0,30
1478,7.1,25
1479,1.5,80
1480,7.7,15
1481,2.2,30
1482,2.2,78
1483,6.7,11
1484,4.8,53
1485,6.0,16
1486,4.0,53
1487,1.4,23
1488,6.9,35
1489,5.4,21
1490,1.2,43
1491,5.6,67
1492,2.1,9
1493,7.6,18
1494,2.7,10
1495,1.1,10
1496,6.5,78
1497,2.1,30
1498,4.8,54
1499,5.6,41
1500,4.7,43
1501,7.4,41
1502,2.6,68
1503,6.2,34
1504,7.9,22
1505,2.5,76
1506,6.2,32
1507,2.4,58
1508,1.4,11
1509,3.8,42
1510,7.3,73
1511,1.4,53
1512,6.6,37
1513,5.0,48
1514,6.5,79
1515,4.0,66
1516,6.9,41
1517,1.8,22
1518,6.2,7
1519,2.2,51
1520,4.2,53
1521,6.6,49
1522,2.9,19
1523,2.6,16
1524,3.1,57
1525,1.7,78
1526,6.3,61
1527,2.5,5
1528,2.1,63
1529,6.5,10
1530,7.3,64
1531,7.1,55
1532,6.2,55
1533,5.1,54
1534,6.8,58
1535,1.1,65
1536,4.9,73
1537,5.5,78
1538,4.4,44
1539,1.5,52
1540,7.6,41
1541,6.3,43
1542,5.9,29
1543,2.3,55
1544,1.2,41
1545,1.0,9
1546,7.6,52
1547,3.8,13
1548,6.7,21
1549,7.4,9
1550,1.1,53
1551,6.7,74
1552,1.3,70
1553,2.1,21
1554,5.7,62
1555,2.3,77
1556,3.3,76
1557,2.1,27
1558,5.3,46
1559,2.5,46
1560,1.4,43
1561,7.0,9
1562,6.6,12
1563,6.5,24
1564,3.7,73
1565,1.2,66
1566,3.9,9
1567,5.6,55
1568,5.5,38
1569,5.3,77
1570,2.9,79
1571,7.8,34
1572,6.1,28
1573,1.9,58
1574,1.1,48
1575,1.9,59
1576,2.0,20
1577,7.3,59
1578,4.0,47
1579,7.2,78
1580,5.4,80
1581,1.1,7
1582,4.2,49
1583,2.8,77
1584,2.3,25
1585,7.5,62
1586,6.3,80
1587,2.3,42
1588,5.2,8
1589,3.2,48
1590,6.3,37
1591,5.6,26
1592,3.9,44
1593,4.5,74
1594,5.8,66
1595,7.5,67
1596,7.2,10
1597,4.1,30
1598,2.2,39
1599,7.1,17
1600,2.9,80
1601,1.7,26
1602,3.3,36
1603,4.9,33
1604,7.6,76
1605,2.6,47
1606,6.0,61
1607,4.1,18
1608,1.4,76
1609,6.1,20
1610,7.3,35
1611,1.3,59
1612,3.6,61
1613,5.3,5
1614,6.9,66
1615,2.4,65
1616,1.8,40
1617,6.4,30
1618,3.2,24
1619,4.5,48
1620,4.3,53
1621,6.4,28
1622,2.1,27
1623,4.7,10
1624,4.1,34
1625,7.7,51
1626,4.6,12
1627,3.4,60
1628,6.6,26
1629,1.4,77
1630,6.0,80
1631,5.6,65
1632,4.1,15
1633,7.4,36
1634,7.1,20
1635,6.6,52
1636,7.0,72
1637,5.1,7
1638,1.7,46
1639,3.5,35
1640,5.7,69
1641,7.9,45
1642,4.2,62
1643,3.2,77
1644,5.4,33
1645,4.5,9
1646,7.1,42
1647,1.6,11
1648,8.0,32
1649,4.6,25
1650,1.5,51
1651,3.5,55
1652,6.4,54
1653,1.1,73
1654,7.0,79
1655,4.0,71
1656,2.5,56
1657,4.0,43
1658,3.2,29
1659,4.7,38
1660,2.7,72
1661,2.0,80
1662,4.9,47
1663,5.0,47
1664,6.1,33
1665,5.6,35
1666,6.3,23
1667,7.0,61
1668,7.9,70
1669,1.3,11
1670,5.9,74
1671,1.1,73
1672,3.2,44
1673,3.0,50
1674,5.9,28
1675,4.8,57
1676,5.3,48
1677,7.3,75
1678,3.5,30
1679,2.1,6
1680,1.1,6
1681,1.2,68
1682,5.4,48
1683,6.7,70
1684,2.7,72
1685,6.8,13
1686,5.5,26
1687,1.7,62
1688,6.4,68
1689,7.4,44
1690,1.2,63
1691,6.5,14
1692,5.4,28
1693,5.4,35
1694,4.7,78
1695,3.4,11
1696,6.4,29
1697,5.3,66
1698,6.0,69
1699,4.9,20
1700,2.7,27
1701,3.6,45
1702,2.3,5
1703,7.6,57
1704,1.4,20
1705,1.7,34
1706,2.7,65
1707,4.8,77
1708,5.2,12
1709,7.1,66
1710,1.9,39
1711,5.5,77
1712,4.3,45
1713,6.3,24
1714,1.5,67
1715,7.6,33
1716,4.6,12
1717,4.5,16
1718,5.4,29
1719,3.7,44
1720,6.6,14
1721,5.6,30
1722,5.4,11
1723,5.8,62
1724,2.2,25
1725,4.7,7
1726,1.6,80
1727,4.3,47
1728,1.8,54
1729,5.4,7
1730,6.8,51
1731,3.7,29
1732,4.8,28
1733,2.4,66
1734,6.3,10
1735,5.5,48
1736,4.0,68
1737,5.8,77
1738,2.6,59
1739,2.1,27
1740,7.8,59
1741,4.7,23
1742,7.4,25
1743,1.2,15
1744,7.0,15
1745,5.6,7
1746,1.6,55
1747,7.5,63
1748,6.9,39
1749,4.6,59
1750,7.4,66
1751,2.0,12
1752,1.7,10
1753,2.3,17
1754,4.1,34
1755,2.8,30
1756,5.3,38
1757,6.5,54
1758,2.0,56
1759,6.0,18
1760,1.9,59
1761,4.2,67
1762,7.0,27
1763,7.0,74
1764,7.3,7
1765,1.0,33
1766,6.2,46
1767,7.9,17
1768,5.3,36
1769,6.4,24
1770,1.9,47
1771,5.6,78
1772,2.7,56
1773,7.2,52
1774,2.6,9
1775,6.5,66
1776,3.9,13
1777,4.7,59
1778,5.9,57
1779,2.9,74
1780,5.0,55
1781,3.5,44
1782,6.9,66
1783,1.4,9
1784,5.9,16
1785,7.9,74
1786,6.3,5
1787,3.2,69
1788,2.9,46
1789,7.9,50
1790,6.8,37
1791,5.5,46
1792,8.0,78
1793,6.4,51
1794,4.0,46
1795,3.6,64
1796,5.0,58
1797,3.3,20
1798,4.3,71
1799,4.2,67
1800,3.0,29
1801,7.9,20
1802,2.5,41
1803,3.1,66
1804,4.2,22
1805,2.6,70
1806,3.3,65
1807,6.2,41
1808,1.3,23
1809,1.4,26
1810,6.0,48
1811,7.8,12
1812,1.2,32
1813,4.0,72
1814,2.0,41
1815,7.6,14
1816,5.7,43
1817,3.1,58
1818,1.7,31
1819,6.9,55
1820,4.4,34
1821,4.8,68
1822,7.2,18
1823,5.9,11
1824,5.8,22
1825,3.0,42
1826,3.0,29
1827,4.9,42
1828,7.4,70
1829,5.7,64
1830,3.9,63
1831,4.5,41
1832,4.5,78
1833,7.1,59
1834,3.6,34
1835,5.1,28
1836,7.7,57
1837,3.3,63
1838,2.8,56
1839,3.9,50
1840,3.7,77
1841,5.9,63
1842,1.1,56
1843,4.4,45
1844,1.8,62
1845,6.1,69
1846,4.7,49
1847,1.0,6
1848,8.0,38
1849,2.5,21
1850,7.8,39
1851,4.2,36
1852,7.5,26
1853,1.7,5
1854,1.0,44
1855,6.2,69
1856,1.4,56
1857,2.2,78
1858,7.7,51
1859,3.8,22
1860,4.3,68
1861,5.4,36
1862,3.5,77
1863,7.7,72
1864,3.0,23
1865,3.8,13
1866,6.8,33
1867,1.1,29
1868,4.0,7
1869,7.2,28
1870,3.2,71
1871,2.5,36
1872,7.3,53
1873,6.4,24
1874,5.9,74
1875,7.8,33
1876,5.8,74
1877,3.5,15
1878,4.9,60
1879,3.7,22
1880,1.2,38
1881,1.3,33
1882,4.4,70
1883,7.8,61
1884,5.2,12
1885,2.1,78
1886,4.1,51
1887,7.3,28
1888,4.2,30
1889,7.6,27
1890,1.0,21
1891,1.9,31
1892,6.3,60
1893,7.9,77
1894,4.2,40
1895,4.1,28
1896,4.8,5
1897,6.7,22
1898,1.5,76
1899,6.6,29
1900,6.5,30
1901,2.9,55
1902,1.6,66
1903,2.4,23
1904,6.3,25
1905,6.2,37
1906,3.6,62
1907,6.8,79
1908,4.3,80
1909,6.3,53
1910,3.8,61
1911,3.9,33
1912,2.0,56
1913,5.4,13
1914,5.3,16
1915,7.7,8
1916,2.5,63
1917,3.7,8
1918,4.5,72
1919,7.0,27
1920,6.0,53
1921,3.8,49
1922,2.4,44
1923,4.1,47
1924,6.8,71
1925,3.5,75
1926,7.6,52
1927,7.2,31
1928,7.9,35
1929,1.2,47
1930,5.5,30
1931,4.4,76
1932,6.9,80
1933,5.3,19
1934,7.8,40
1935,7.5,9
1936,5.0,75
1937,1.5,36
1938,2.7,65
1939,5.2,13
1940,4.1,13
1941,1.1,50
1942,2.5,35
1943,7.3,76
1944,7.4,48
1945,6.4,42
1946,3.6,41
1947,6.6,56
1948,6.5,69
1949,2.0,6
1950,7.5,61
1951,7.5,6
1952,5.7,36
1953,2.7,27
1954,7.0,48
1955,5.3,15
1956,1.2,79
1957,3.1,14
1958,5.5,45
1959,1.8,48
1960,4.6,48
1961,2.6,77
1962,3.1,65
1963,4.1,65
1964,3.5,67
1965,1.9,53
1966,7.0,49
1967,5.6,31
1968,7.4,39
1969,3.1,79
1970,3.8,31
1971,6.7,57
1972,7.7,24
1973,6.2,24
1974,2.1,12
1975,6.1,47
1976,1.9,25
1977,4.8,45
1978,2.0,58
1979,3.6,12
1980,7.8,37
1981,1.3,78
1982,4.0,62
1983,1.3,9
1984,1.3,58
1985,1.3,27
1986,1.0,55
1987,2.8,42
1988,5.9,7
1989,6.7,25
1990,2.0,8
1991,4.5,48
1992,1.1,47
1993,6.6,54
1994,1.5,74
1995,3.2,34
1996,3.1,12
1997,4.3,67
1998,6.2,47
1999,6.2,68
2000,4.3,24
2001,5.9,50
2002,4.7,15
2003,3.4,25
2004,6.2,47
2005,5.3,60
2006,1.7,24
2007,7.7,18
2008,1.2,8
2009,1.8,35
2010,6.8,44
2011,4.6,27
2012,7.5,12
2013,6.2,7
2014,3.3,29
2015,6.8,12
2016,2.4,55
2017,6.6,67
2018,6.4,29
2019,4.8,40
2020,1.1,58
2021,2.5,25
2022,5.1,54
2023,6.8,50
2024,1.2,42
2025,5.2,45
2026,6.0,31
2027,6.7,63
2028,4.7,57
2029,2.1,10
2030,6.6,61
2031,2.1,66
2032,4.4,40
2033,3.4,58
2034,3.8,22
2035,1.6,47
2036,7.8,45
2037,2.1,55
2038,3.7,48
2039,4.7,50
2040,1.4,69
2041,6.3,71
2042,1.3,16
2043,4.6,52
2044,5.6,43
2045,6.4,29
2046,5.1,50
2047,2.2,20
2048,1.3,19
2049,2.9,13
2050,1.3,19
2051,2.4,35
2052,4.9,49
2053,5.5,32
2054,4.1,42
2055,4.0,65
2056,7.9,64
2057,6.0,48
2058,3.8,49
2059,1.2,79
2060,7.8,51
2061,1.1,57
2062,6.3,17
2063,4.6,43
2064,7.5,47
2065,1.2,43
2066,5.9,13
2067,7.6,63
2068,6.8,80
2069,5.6,17
2070,6.6,18
2071,1.4,73
2072,3.3,16
2073,4.7,28
2074,2.3,63
2075,4.7,58
2076,2.3,47
2077,5.7,25
2078,6.6,30
2079,7.4,70
2080,3.6,15
2081,3.5,77
2082,4.5,49
2083,4.0,38
2084,2.7,51
2085,7.4,50
2086,6.3,59
2087,4.4,55
2088,4.2,73
2089,4.7,49
2090,7.9,79
2091,1.2,55
2092,4.3,29
2093,1.7,19
2094,7.3,78
2095,3.3,15
2096,2.6,68
2097,4.2,14
2098,5.1,78
2099,6.9,38
2100,1.7,59
2101,3.7,70
2102,7.2,47
2103,3.1,65
2104,1.4,40
2105,6.7,72
2106,2.6,17
2107,6.5,77
2108,2.8,46
2109,3.2,24
2110,7.3,64
2111,1.3,42
2112,5.7,13
2113,4.3,13
2114,6.5,69
2115,6.1,47
2116,2.1,21
2117,3.9,44
2118,1.9,76
2119,4.5,49
2120,6.8,60
2121,7.7,74
2122,4.3,27
2123,7.9,14
2124,5.3,60
2125,7.0,8
2126,6.8,70
2127,5.3,20
2128,7.0,31
2129,2.9,29
2130,6.0,44
2131,3.9,14
2132,1.3,11
2133,4.6,30
2134,3.3,29
2135,2.7,41
2136,7.8,21
2137,2.1,54
2138,5.3,7
2139,3.6,73
2140,1.1,7
2141,4.7,19
2142,5.3,29
2143,4.2,77
2144,3.1,54
2145,1.7,13
2146,7.4,16
2147,7.1,15
2148,5.8,30
2149,6.3,73
2150,5.5,34
2151,7.0,12
2152,1.3,77
2153,1.8,65
2154,7.3,40
2155,8.0,25
2156,3.5,34
2157,3.5,27
2158,5.4,20
2159,3.9,46
2160,3.4,29
2161,6.7,7
2162,4.6,56
2163,6.4,29
2164,1.8,73
2165,2.7,17
2166,7.3,47
2167,6.3,38
2168,3.3,11
2169,6.5,30
2170,3.9,22
2171,1.1,78
2172,4.3,18
2173,3.3,34
2174,5.4,55
2175,7.5,66
2176,4.7,56
2177,4.4,66
2178,5.1,32
2179,1.1,34
2180,2.8,78
2181,7.3,57
2182,5.0,12
2183,5.6,73
2184,5.2,73
2185,3.2,51
2186,3.5,14
2187,4.7,14
2188,7.7,61
2189,2.7,23
2190,1.5,66
2191,3.7,35
2192,4.2,58
2193,2.7,68
2194,7.7,26
2195,4.9,9
2196,5.6,6
2197,6.2,37
2198,7.6,58
2199,3.4,25
2200,4.2,32
2201,3.2,35
2202,7.8,68
2203,3.3,50
2204,3.7,68
2205,7.5,76
2206,2.1,41
2207,7.5,77
2208,2.3,12
2209,6.8,28
2210,5.2,49
2211,6.2,26
2212,3.7,45
2213,2.3,55
2214,3.0,47
2215,4.9,63
2216,5.7,49
2217,4.3,68
2218,6.9,28
2219,3.3,80
2220,3.7,63
2221,5.2,20
2222,4.0,80
2223,5.7,77
2224,2.7,50
2225,4.1,32
2226,5.9,6
2227,5.2,30
2228,4.8,38
2229,3.0,30
2230,2.0,52
2231,2.0,65
2232,3.5,24
2233,5.4,12
2234,7.2,32
2235,2.7,11
2236,4.5,59
2237,5.7,9
2238,1.5,25
2239,1.7,63
2240,1.9,19
2241,4.5,31
2242,7.6,28
2243,4.6,53
2244,3.0,35
2245,6.8,36
2246,6.2,10
2247,5.5,7
2248,1.1,74
2249,2.0,17
2250,3.7,43
2251,3.7,68
2252,6.7,12
2253,7.0,64
2254,7.0,76
2255,7.0,34
2256,1.3,65
2257,5.5,15
2258,5.4,76
2259,5.3,8
2260,1.3,37
2261,5.5,30
2262,5.5,35
2263,3.9,5
2264,2.4,13
2265,5.9,26
2266,6.4,66
2267,3.0,52
2268,5.1,61
2269,4.8,68
2270,4.9,60
2271,6.8,62
2272,7.1,16
2273,3.2,43
2274,4.6,37
2275,7.3,44
2276,2.6,30
2277,6.2,5
2278,1.3,80
2279,6.7,25
2280,5.1,61
2281,6.2,46
2282,6.1,22
2283,5.1,43
2284,4.1,6
2285,1.1,26
2286,8.0,9
2287,6.6,5
2288,4.5,7
2289,6.2,72
2290,3.3,25
2291,5.5,17
2292,6.0,65
2293,2.3,75
2294,4.7,72
2295,4.8,76
2296,4.6,75
2297,4.7,74
2298,3.3,38
2299,5.3,56
2300,2.7,44
2301,2.1,25
2302,3.3,33
2303,2.5,34
2304,2.9,5
2305,4.6,38
2306,3.3,19
2307,7.5,30
2308,6.5,34
2309,4.5,74
2310,5.7,9
2311,1.1,47
2312,5.5,47
2313,2.8,24
2314,2.6,65
2315,4.8,40
2316,1.9,13
2317,6.3,73
2318,1.1,62
2319,6.8,58
2320,4.0,55
2321,6.3,69
2322,3.7,26
2323,6.8,33
2324,4.9,44
2325,5.6,77
2326,1.4,15
2327,1.2,14
2328,5.7,79
2329,5.8,15
2330,4.0,26
2331,2.9,77
2332,6.0,36
2333,5.8,49
2334,3.3,40
2335,7.1,54
2336,2.4,10
2337,3.2,7
2338,3.1,49
2339,4.1,71
2340,2.7,42
2341,8.0,57
2342,1.8,41
2343,4.9,42
2344,7.0,53
2345,1.9,23
2346,7.4,19
2347,3.8,46
2348,1.2,9
2349,1.7,61
2350,6.0,5
2351,7.3,69
2352,4.1,70
2353,3.3,71
2354,6.2,80
2355,5.1,28
2356,3.9,23
2357,2.3,39
2358,6.9,7
2359,7.5,8
2360,6.3,18
2361,7.0,65
2362,2.9,9
2363,2.7,14
2364,8.0,61
2365,2.6,58
2366,5.8,51
2367,3.2,44
2368,3.8,64
2369,3.4,40
2370,7.9,60
2371,3.2,40
2372,7.7,39
2373,3.0,27
2374,5.8,57
2375,1.6,13
2376,6.9,31
2377,3.5,63
2378,4.5,32
2379,5.0,58
2380,4.0,64
2381,4.1,80
2382,7.6,71
2383,4.6,69
2384,4.4,36
2385,3.1,70
2386,2.3,32
2387,2.5,10
2388,7.6,26
2389,2.0,12
2390,5.5,48
2391,2.8,12
2392,1.7,15
2393,5.2,44
2394,2.8,49
2395,3.1,48
2396,6.6,15
2397,6.4,44
2398,3.6,8
2399,1.8,47
2400,3.5,74
2401,3.8,70
2402,7.8,65
2403,1.6,73
2404,6.7,73
2405,7.9,73
2406,3.5,10
2407,2.5,69
2408,6.6,28
2409,1.9,46
2410,4.2,7
2411,3.4,56
2412,7.8,55
2413,7.1,26
2414,6.7,67
2415,5.5,24
2416,5.4,64
2417,2.0,32
2418,6.9,79
2419,5.3,13
2420,1.5,39
2421,1.1,56
2422,7.4,21
2423,6.5,75
2424,4.2,18
2425,5.9,47
2426,7.9,68
2427,5.4,69
2428,5.3,31
2429,6.0,69
2430,1.5,37
2431,6.7,56
2432,5.6,33
2433,7.7,69
2434,6.2,77
2435,5.1,25
2436,4.3,44
2437,6.1,5
2438,1.6,63
2439,5.9,23
2440,4.6,44
2441,3.7,19
2442,3.5,54
2443,4.1,28
2444,5.3,68
2445,4.4,30
2446,5.9,76
2447,5.3,18
2448,1.4,22
2449,5.2,76
2450,5.2,38
2451,5.0,66
2452,6.0,65
2453,1.8,74
2454,6.4,68
2455,5.0,19
2456,5.9,63
2457,3.8,65
2458,4.3,34
2459,2.0,21
2460,1.8,23
2461,1.5,49
2462,7.3,80
2463,2.6,41
2464,1.2,71
2465,2.1,8
2466,3.5,63
2467,6.0,58
2468,4.0,79
2469,7.8,51
2470,3.5,23
2471,1.5,28
2472,6.1,57
2473,3.9,58
2474,7.7,12
2475,1.4,74
2476,5.7,8
2477,1.2,45
2478,2.9,25
2479,2.7,15
2480,3.4,17
2481,7.1,14
2482,3.5,42
2483,4.6,36
2484,1.6,20
2485,2.2,80
2486,4.8,64
2487,5.8,51
2488,5.5,50
2489,2.7,30
2490,3.0,18
2491,6.0,55
2492,1.7,71
2493,7.9,24
2494,2.8,23
2495,3.6,13
2496,5.8,30
2497,7.9,73
2498,5.1,25
2499,3.3,77
2500,1.6,16
2501,5.3,65
2502,4.9,28
2503,3.1,61
2504,3.1,15
2505,5.3,20
2506,7.6,8
2507,7.2,67
2508,4.8,67
2509,4.9,60
2510,4.1,16
2511,5.8,76
2512,6.7,29
2513,2.7,52
2514,2.0,22
2515,1.6,18
2516,7.5,77
2517,3.5,22
2518,6.5,52
2519,7.6,78
2520,3.8,35
2521,3.3,72
2522,5.5,78
2523,1.4,46
2524,1.1,68
2525,5.7,57
2526,7.9,11
2527,2.9,54
2528,4.7,33
2529,3.9,40
2530,4.0,7
2531,8.0,42
2532,1.4,5
2533,5.8,22
2534,3.1,52
2535,3.0,78
2536,6.1,36
2537,5.6,71
2538,1.1,27
2539,6.4,76
2540,2.1,18
2541,6.3,47
2542,5.4,59
2543,4.8,41
2544,7.3,78
2545,2.8,67
2546,7.0,78
2547,6.4,66
2548,7.2,26
2549,1.1,16
2550,7.0,35
2551,2.6,32
2552,7.7,43
2553,5.2,36
2554,3.1,40
2555,2.4,24
2556,5.2,76
2557,7.7,80
2558,4.8,76
2559,6.8,25
2560,4.6,22
2561,5.1,40
2562,7.8,30
2563,3.6,23
2564,2.0,67
2565,7.5,9
2566,2.5,32
2567,7.1,28
2568,3.2,12
2569,3.0,32
2570,1.2,79
2571,3.8,14
2572,7.7,28
2573,7.1,53
2574,7.3,77
2575,5.9,73
2576,1.4,58
2577,5.8,75
2578,2.8,65
2579,7.7,34
2580,4.5,38
2581,1.2,5
2582,7.1,74
2583,5.5,41
2584,1.4,45
2585,5.4,20
2586,2.3,17
2587,7.5,60
2588,5.2,54
2589,5.1,14
2590,1.9,19
2591,2.3,73
2592,3.4,40
2593,2.7,25
2594,2.4,9
2595,7.7,14
2596,3.5,24
2597,3.4,35
2598,2.4,66
2599,6.5,63
2600,1.8,11
2601,6.4,30
2602,2.6,56
2603,5.1,12
2604,4.0,62
2605,2.0,27
2606,1.8,45
2607,2.4,60
2608,6.2,7
2609,5.4,46
2610,3.2,73
2611,2.4,18
2612,5.2,21
2613,1.3,79
2614,3.3,28
2615,4.8,48
2616,3.0,46
2617,4.7,66
2618,4.8,32
2619,5.1,60
2620,2.7,55
2621,6.4,80
2622,4.9,36
2623,1.1,38
2624,5.8,19
2625,8.0,61
2626,7.4,74
2627,1.7,37
2628,3.0,67
2629,6.5,70
2630,6.5,32
2631,5.8,73
2632,4.1,73
2633,1.6,40
2634,5.9,33
2635,3.9,62
2636,3.1,42
2637,4.4,39
2638,2.1,35
2639,6.8,19
2640,1.1,80
2641,4.0,30
2642,1.9,14
2643,5.4,11
2644,5.8,52
2645,1.5,16
2646,2.4,17
2647,6.1,27
2648,2.1,69
2649,6.2,60
2650,7.4,67
2651,5.6,61
2652,6.1,75
2653,6.7,7
2654,5.5,37
2655,1.6,56
2656,5.0,80
2657,6.2,6
2658,7.0,24
2659,7.1,33
2660,5.8,47
2661,4.6,21
2662,3.6,20
2663,5.6,6
2664,1.4,29
2665,7.8,51
2666,7.5,6
2667,2.5,30
2668,6.8,10
2669,6.3,12
2670,3.4,21
2671,5.5,20
2672,5.8,79
2673,1.1,45
2674,7.8,53
2675,3.9,40
2676,3.2,64
2677,6.7,80
2678,6.4,34
2679,4.3,71
2680,2.8,13
2681,2.0,38
2682,7.2,48
2683,6.4,23
2684,7.5,61
2685,3.5,70
2686,3.9,61
2687,5.9,6
2688,4.1,26
2689,2.1,9
2690,4.9,57
2691,5.4,17
2692,3.8,40
2693,2.0,38
2694,1.5,48
2695,5.6,56
2696,6.8,69
2697,5.7,5
2698,3.6,49
2699,7.0,78
2700,6.3,60
2701,3.4,6
2702,6.9,18
2703,3.5,65
2704,6.8,64
2705,2.6,13
2706,7.8,8
2707,2.2,28
2708,1.1,73
2709,1.9,14
2710,6.1,36
2711,3.8,25
2712,6.7,29
2713,6.0,15
2714,6.7,54
2715,6.0,10
2716,6.3,72
2717,7.9,78
2718,7.2,42
2719,2.9,79
2720,1.9,36
2721,6.1,55
2722,3.5,45
2723,7.2,34
2724,3.0,18
2725,1.2,29
2726,7.8,18
2727,5.5,16
2728,6.5,14
2729,5.4,80
2730,1.9,32
2731,3.9,13
2732,4.9,8
2733,2.6,14
2734,3.1,38
2735,7.3,78
2736,7.8,54
2737,1.2,55
2738,4.1,25
2739,3.4,42
2740,6.3,46
2741,2.9,49
2742,7.9,18
2743,6.8,80
2744,3.8,80
2745,6.9,32
2746,5.8,61
2747,1.1,58
2748,6.8,14
2749,2.6,78
2750,1.0,44
2751,6.3,62
2752,6.3,78
2753,5.9,50
2754,4.1,79
2755,5.2,72
2756,7.7,22
2757,4.3,71
2758,6.4,49
2759,6.1,37
2760,3.1,44
2761,2.9,17
2762,4.1,8
2763,6.8,12
2764,4.0,54
2765,6.6,29
2766,3.6,64
2767,3.6,33
2768,3.7,72
2769,7.6,18
2770,6.8,16
2771,6.4,36
2772,1.0,25
2773,6.6,44
2774,3.9,77
2775,7.1,63
2776,3.0,47
2777,1.6,7
2778,6.0,7
2779,6.4,21
2780,5.7,41
2781,6.6,72
2782,5.4,34
2783,3.4,14
2784,3.5,12
2785,5.6,77
2786,6.5,43
2787,1.6,46
2788,5.9,25
2789,3.8,7
2790,1.3,8
2791,1.9,16
2792,7.3,13
2793,6.1,48
2794,1.1,69
2795,3.0,64
2796,3.0,17
2797,3.4,39
2798,5.6,78
2799,1.7,11
2800,3.8,59
2801,7.6,16
2802,1.1,33
2803,3.0,26
2804,5.1,6
2805,3.3,54
2806,2.6,33
2807,2.7,12
2808,2.0,77
2809,5.1,68
2810,1.4,30
2811,7.8,51
2812,6.3,63
2813,4.9,18
2814,1.9,62
2815,2.9,62
2816,7.9,12
2817,5.3,48
2818,5.4,23
2819,4.9,48
2820,4.1,60
2821,6.0,79
2822,7.6,69
2823,1.6,41
2824,7.2,45
2825,3.8,8
2826,1.2,42
2827,5.6,9
2828,5.7,75
2829,5.5,11
2830,6.5,14
2831,6.6,60
2832,5.3,59
2833,5.5,70
2834,3.0,29
2835,6.3,72
2836,7.2,58
2837,6.7,7
2838,3.8,78
2839,6.9,59
2840,3.2,38
2841,3.7,57
2842,7.0,76
2843,3.1,12
2844,5.7,49
2845,2.0,17
2846,1.1,74
2847,1.6,75
2848,3.0,14
2849,1.2,8
2850,2.0,28
2851,2.5,13
2852,6.1,35
2853,4.7,9
2854,5.2,7
2855,7.3,22
2856,2.0,5
2857,3.8,24
2858,6.3,30
2859,6.2,72
2860,2.7,19
2861,3.7,34
2862,3.6,34
2863,3.1,5
2864,4.7,13
2865,2.7,8
2866,4.1,77
2867,5.2,75
2868,2.7,63
2869,3.0,45
2870,5.8,12
2871,4.8,50
2872,3.6,41
2873,6.7,46
2874,1.1,18
2875,7.4,48
2876,6.0,52
2877,1.3,11
2878,7.3,56
2879,5.5,21
2880,1.2,79
2881,4.2,55
2882,3.8,49
2883,4.9,73
2884,4.1,54
2885,7.4,55
2886,3.3,61
2887,4.0,5
2888,6.8,63
2889,3.9,65
2890,1.2,27
2891,6.9,70
2892,6.1,55
2893,2.7,41
2894,7.6,5
2895,5.1,59
2896,1.3,18
2897,7.5,40
2898,3.1,75
2899,6.1,42
2900,4.0,80
2901,7.0,56
2902,6.6,63
2903,3.1,27
2904,6.5,46
2905,7.6,64
2906,2.7,46
2907,3.7,36
2908,1.6,41
2909,5.5,38
2910,3.3,30
2911,5.1,48
2912,6.3,25
2913,3.1,31
2914,3.1,34
2915,3.9,32
2916,3.1,38
2917,1.1,13
2918,6.8,60
2919,1.9,11
2920,6.0,59
2921,3.2,69
2922,4.6,71
2923,5.9,69
2924,7.1,11
2925,8.0,20
2926,4.3,5
2927,1.3,9
2928,2.7,25
2929,2.4,43
2930,7.1,23
2931,7.7,35
2932,7.8,11
2933,7.7,21
2934,7.6,57
2935,2.9,62
2936,2.9,71
2937,1.4,19
2938,1.9,41
2939,4.6,60
2940,4.6,12
2941,5.2,36
2942,3.7,50
2943,6.7,66
2944,7.2,48
2945,7.8,31
2946,8.0,72
2947,1.9,7
2948,3.0,51
2949,2.0,5
2950,3.8,13
2951,3.5,24
2952,1.3,30
2953,5.7,16
2954,2.3,10
2955,7.0,61
2956,7.6,69
2957,6.7,56
2958,4.0,43
2959,4.4,65
2960,6.5,14
2961,7.7,40
2962,4.2,7
2963,4.7,9
2964,1.6,26
2965,1.6,34
2966,5.4,65
2967,3.6,56
2968,5.1,52
2969,6.6,42
2970,2.8,29
2971,7.9,5
2972,1.5,10
2973,4.6,51
2974,5.5,72
2975,7.9,70
2976,4.2,28
2977,6.6,27
2978,2.4,33
2979,3.4,60
2980,5.2,48
2981,7.2,44
2982,5.8,59
2983,3.7,80
2984,1.0,23
2985,6.5,77
2986,2.1,47
2987,4.3,78
2988,5.6,20
2989,3.2,9
2990,5.4,19
2991,1.8,58
2992,3.3,13
2993,6.9,58
2994,6.4,6
2995,6.9,41
2996,6.7,58
2997,4.1,50
2998,1.7,43
2999,7.1,77
3000,6.3,63
